Date,Entity_ID,Status,Avg_Transaction_Value,Total_Transactions,Customer_Tenure_Months,Last_Interaction_Days
2023-11-15 19:30:06.806834611,1954,0,193.52,47,17,191
2023-11-16 07:24:02.177365262,8291,1,475.85,12,16,21
2023-11-22 15:12:42.146812999,1974,0,368.68,62,12,227
2023-08-02 23:33:18.526729236,5133,0,303.34,80,8,313
2023-12-29 10:54:53.043209430,6370,0,86.45,88,20,117
2023-11-05 01:59:56.796868042,4972,0,86.44,83,3,302
2023-07-21 01:44:18.814283124,6295,0,38.46,8,16,142
2023-11-18 11:01:29.532992359,9228,0,434.43,95,30,39
2023-08-11 07:51:59.472853122,4020,0,304.55,21,45,355
2023-08-13 20:56:50.655214900,9987,0,356.96,81,23,252
2023-09-05 15:10:04.160821591,5036,0,20.09,87,28,333
2023-03-29 19:59:03.091649949,6068,1,485.26,80,51,207
2023-10-27 05:59:34.844287361,6233,0,417.9,70,40,210
2023-02-09 08:35:14.553353147,1317,0,114.05,72,54,115
2023-11-18 22:27:00.153240889,3396,0,99.09,25,5,225
2023-10-09 14:21:23.524090108,3162,0,99.87,82,20,134
2023-03-06 23:45:15.787791192,3745,1,159.08,89,40,251
2023-02-15 14:04:19.063013850,2591,0,267.13,12,56,219
2023-04-23 00:59:11.196432894,7183,0,221.65,15,44,91
2023-06-25 11:56:31.396931583,4930,0,152.7,59,1,354
2023-08-30 01:13:14.521791163,2312,0,309.81,26,57,46
2023-08-29 17:15:52.497358606,5311,0,78.35,26,30,38
2023-07-31 18:24:45.624163261,8314,0,153.15,47,21,142
2023-01-05 04:59:48.817423293,3383,1,189.52,32,20,100
2023-04-08 03:38:08.157468523,4239,0,233.47,10,6,328
2023-05-01 02:37:06.894128371,3139,0,394.74,16,22,190
2023-05-12 21:08:31.586313720,2704,0,107.84,71,18,35
2023-11-23 08:20:38.221852132,7924,0,261.97,17,8,147
2023-01-27 06:08:30.158365318,1362,0,300.28,23,39,30
2023-05-09 13:59:13.321274184,3604,1,32.76,26,32,334
2023-05-08 18:36:49.764414737,5286,1,307.7,85,33,84
2023-12-12 20:33:14.195509848,4738,0,93.56,86,53,281
2023-06-18 07:14:57.099712525,3469,1,41.88,7,16,344
2023-01-04 09:18:14.422969217,5795,1,474.95,14,12,270
2023-05-17 11:43:39.725379675,7150,1,483.16,79,38,154
2023-05-30 07:37:25.309692859,1556,0,406.11,7,52,102
2023-07-21 15:36:54.765551019,3808,1,159.26,9,34,215
2023-08-10 06:01:35.559189255,6150,0,57.86,48,14,150
2023-09-11 02:05:35.810486306,8561,1,345.27,72,36,83
2023-08-27 13:02:08.098921552,3719,0,225.67,59,33,110
2023-07-26 13:27:54.092799537,7506,0,69.8,87,23,275
2023-03-30 03:46:02.671488387,4741,1,252.64,93,50,201
2023-09-06 13:27:47.234718717,4998,0,26.85,82,45,284
2023-04-25 14:27:54.331875893,3403,1,455.57,95,2,173
2023-09-27 03:59:58.206846428,9780,1,136.8,94,41,327
2023-06-28 04:43:01.473491345,1294,0,334.64,39,21,206
2023-12-28 23:00:43.656787499,6343,0,162.74,99,2,63
2023-01-10 18:45:18.117023945,2136,0,264.83,18,27,73
2023-03-05 05:14:49.983951843,3064,0,277.89,59,57,251
2023-02-22 00:52:42.004160350,8009,0,100.58,17,9,124
2023-05-09 12:03:46.054184397,5543,1,485.1,14,1,121
2023-05-24 03:00:29.125936379,2007,0,389.82,31,11,275
2023-03-07 04:57:47.349188285,6445,0,470.35,24,3,120
2023-08-26 07:49:23.477364436,6352,1,448.47,99,52,317
2023-01-02 03:44:08.314445548,2435,0,302.97,60,23,164
2023-05-11 18:33:27.345402647,1571,0,461.72,45,26,286
2023-10-02 06:17:16.365936856,3382,1,53.36,98,4,265
2023-12-16 15:24:23.105501371,6084,0,106.03,3,18,320
2023-12-25 18:51:00.788273644,1277,1,32.16,37,55,161
2023-03-05 21:15:21.442612380,8059,1,169.41,43,6,308
2023-10-30 06:21:01.022293804,2887,1,200.45,40,35,89
2023-03-12 20:39:15.688521560,2265,0,142.96,90,22,142
2023-04-30 07:23:43.976606216,8491,0,416.08,55,43,203
2023-06-12 08:20:45.193696384,2040,0,184.81,87,15,309
2023-11-06 14:13:49.946743431,9073,1,147.66,39,22,227
2023-12-11 23:53:04.195820606,3752,1,275.92,15,37,334
2023-08-04 06:38:52.254967282,9213,0,79.05,4,52,222
2023-04-15 22:41:12.061120930,5569,0,403.08,93,42,41
2023-08-11 20:47:18.264445945,7353,0,46.53,86,12,196
2023-05-16 12:09:35.540972571,3353,0,493.57,25,47,68
2023-02-23 15:25:48.384129803,8437,1,388.4,13,49,264
2023-06-25 01:14:34.339576864,5799,0,107.37,82,42,2
2023-08-14 23:05:31.918905846,1686,1,12.71,33,38,361
2023-04-03 23:16:19.558649405,9476,1,409.58,16,18,125
2023-07-25 22:33:43.438754596,5811,0,356.36,42,45,110
2023-08-21 20:04:48.188189355,9954,0,367.21,66,35,86
2023-06-29 01:41:11.675988693,6346,0,387.92,55,30,120
2023-04-16 11:16:31.572772386,6043,0,46.28,99,24,127
2023-11-19 18:35:39.693661922,3428,1,185.65,42,42,255
2023-04-07 20:21:57.157576622,6126,1,66.78,34,30,183
2023-03-17 14:44:42.694969986,9220,1,432.92,30,14,16
2023-08-06 15:35:50.469657604,8813,0,315.42,13,6,62
2023-06-05 22:15:49.484962294,4356,0,172.14,13,3,158
2023-11-03 13:52:07.134622093,9707,1,41.14,18,16,268
2023-12-10 08:02:42.466093850,8266,0,162.38,32,7,35
2023-09-24 13:10:58.211594446,7540,0,169.34,96,52,267
2023-01-07 02:02:24.538671995,1038,0,367.51,99,14,64
2023-04-11 06:02:10.131697330,4342,0,322.4,39,9,50
2023-02-08 06:10:02.088342367,3844,0,444.73,46,15,255
2023-12-18 04:01:53.741028592,2098,0,241.39,29,21,149
2023-06-11 21:03:18.914422659,8027,1,68.6,62,35,325
2023-10-09 01:46:03.597257188,2823,0,359.49,93,2,304
2023-09-23 21:19:03.280171238,4155,0,382.78,62,27,276
2023-02-18 09:29:19.139686030,4093,0,285.03,57,2,357
2023-12-18 04:34:13.896688156,6658,1,387.77,16,35,172
2023-03-02 07:43:59.489038860,4778,0,251.96,56,18,201
2023-06-22 12:27:45.098039110,3896,0,266.14,10,14,324
2023-05-28 02:15:57.241830642,1988,0,219.5,30,20,35
2023-08-16 09:20:42.618902299,5116,1,22.46,25,18,216
2023-01-03 03:59:58.831176361,7446,0,62.87,84,10,65
2023-11-12 22:24:25.919465021,5179,1,25.4,5,25,8
2023-05-07 05:40:46.562986996,2682,1,321.84,65,2,301
2023-03-20 07:42:47.748784923,6626,0,164.03,94,25,343
2023-07-20 04:53:53.830483563,8424,1,259.2,49,54,332
2023-08-07 10:53:23.074893139,1933,0,454.71,3,33,76
2023-03-01 17:25:27.289783935,4598,1,132.15,45,36,174
2023-06-20 16:53:39.434579958,2980,0,211.09,14,31,47
2023-11-30 01:51:50.206092760,4056,1,380.22,30,14,15
2023-12-08 00:18:25.315162301,9984,0,122.11,68,1,361
2023-05-25 12:36:57.286497664,1791,0,47.72,18,46,147
2023-10-21 01:39:31.453936922,6390,0,151.98,62,16,26
2023-10-11 05:20:43.027208824,7635,0,89.0,37,54,308
2023-12-10 10:11:56.222673868,3255,0,465.55,25,46,93
2023-10-17 10:08:11.180320002,4610,0,405.98,48,52,232
2023-08-22 07:23:05.465873093,2607,0,320.37,65,3,21
2023-07-29 14:11:53.990231450,6179,0,437.02,53,35,307
2023-10-25 22:02:33.404117309,7573,1,403.8,79,41,38
2023-10-27 21:43:18.368795872,1984,0,101.42,73,6,276
2023-06-04 17:39:37.787610345,6776,0,447.35,15,25,157
2023-12-25 04:33:09.763302039,4676,0,274.28,49,13,179
2023-11-17 23:51:07.273461562,4380,0,405.65,88,53,132
2023-07-20 02:52:03.797536415,9711,1,449.08,68,34,311
2023-09-16 20:57:55.951142359,9782,0,165.82,12,8,348
2023-03-16 09:00:27.267770173,2050,1,63.93,59,21,28
2023-08-19 08:41:31.857082809,4633,1,121.69,37,34,260
2023-11-19 08:20:49.635222795,7342,1,219.28,61,4,76
2023-09-04 13:03:15.874864514,1959,0,410.83,43,25,67
2023-01-21 17:21:26.602384996,7059,1,431.76,70,15,342
2023-12-16 14:01:09.736606647,9884,1,13.41,39,4,194
2023-02-10 10:08:54.160683009,6655,0,260.27,56,45,162
2023-06-04 23:33:28.419227867,5473,0,214.53,63,12,347
2023-05-29 22:05:12.843453270,3946,0,118.83,46,32,361
2023-10-06 03:13:27.359657695,8725,0,68.73,88,32,257
2023-01-14 09:34:11.029612928,1526,0,175.43,11,28,72
2023-10-01 10:07:17.311600253,4224,0,472.03,62,13,87
2023-03-19 15:12:57.260561460,2875,0,168.37,77,31,262
2023-09-08 02:55:37.894931161,2763,0,264.21,98,14,214
2023-09-30 07:33:55.085608645,9712,0,354.48,25,20,153
2023-02-25 15:04:13.435080118,6797,0,188.18,71,18,210
2023-10-07 13:36:36.465062288,8099,0,486.17,52,29,61
2023-12-20 02:29:03.995425061,6109,0,481.6,4,6,268
2023-05-08 04:05:20.500539204,7644,0,133.37,59,32,262
2023-11-05 19:45:46.816249441,1116,1,253.65,72,29,218
2023-06-03 03:02:51.726896085,3433,0,157.43,20,43,283
2023-05-13 00:53:49.350211070,6463,0,149.57,93,2,136
2023-04-06 05:26:15.925069967,1583,1,28.07,63,23,362
2023-10-09 10:10:13.100825800,9586,0,308.69,54,19,93
2023-04-10 19:51:39.671949498,4788,0,256.31,74,31,109
2023-07-27 10:43:58.385613263,5167,1,35.22,98,51,241
2023-08-13 00:10:36.432288507,9465,1,146.54,57,5,355
2023-07-25 13:37:21.443054937,2389,0,455.05,90,19,142
2023-03-21 21:57:50.211241470,9357,0,127.39,41,34,291
2023-05-17 23:20:52.084721350,7154,1,81.0,3,10,237
2023-04-25 22:18:32.593293800,6420,0,249.83,6,25,340
2023-11-13 23:17:05.015343015,9920,0,492.97,5,2,312
2023-01-04 13:03:31.917093414,3043,1,128.61,5,11,177
2023-09-10 14:22:37.790014311,5197,0,339.35,54,50,141
2023-06-21 06:29:40.144490250,4496,0,383.19,47,31,189
2023-09-19 00:43:46.752880568,1778,0,126.44,87,56,49
2023-02-11 01:14:13.610469297,1213,1,366.83,49,15,302
2023-07-04 18:52:35.405903262,4762,0,190.21,9,9,190
2023-03-24 11:04:48.012504361,7731,0,319.83,99,23,136
2023-01-28 13:39:24.074172678,4117,0,320.43,20,19,43
2023-06-24 05:00:01.143095919,6791,0,272.53,61,9,353
2023-04-20 14:16:01.997602803,9783,0,54.24,35,35,90
2023-03-17 12:25:56.522546032,3720,1,419.3,50,21,295
2023-12-12 10:19:12.198196096,9905,0,167.18,82,9,341
2023-10-06 19:30:06.262851837,7047,0,101.39,62,28,245
2023-06-06 03:40:07.071117764,9032,1,29.98,17,46,192
2023-01-06 20:32:13.758493855,1001,0,299.54,88,51,318
2023-03-03 16:40:07.412145142,7368,1,342.01,3,7,106
2023-09-01 05:11:41.787536616,2949,0,18.13,32,16,363
2023-11-28 15:21:36.934651538,7732,0,260.93,99,16,310
2023-10-15 10:34:34.636421327,8833,0,120.98,13,33,233
2023-05-14 15:03:54.115281299,1917,1,326.13,89,4,265
2023-03-20 12:00:37.997533237,4174,0,95.44,73,4,344
2023-05-04 13:09:33.796501152,8014,0,348.56,68,39,37
2023-10-28 07:47:07.098657395,1089,0,199.5,14,40,305
2023-02-03 05:14:07.194596976,2709,0,469.0,98,17,41
2023-11-11 09:01:33.812454819,4041,0,77.39,11,37,17
2023-01-25 21:54:15.798444135,1105,1,177.12,56,39,344
2023-07-25 00:43:10.811414781,9619,0,65.6,67,52,277
2023-10-23 14:33:48.351532143,2895,1,463.1,92,29,307
2023-10-25 06:43:36.713496728,7090,0,439.9,29,52,59
2023-09-04 16:03:50.237604753,9508,0,136.39,9,36,183
2023-05-20 03:55:06.422104941,7082,0,333.39,67,38,41
2023-04-15 09:25:23.441880226,1634,0,410.44,25,39,39
2023-12-02 08:03:44.721290172,2925,1,282.05,98,50,192
2023-12-11 09:28:25.980973027,3056,1,269.53,76,37,267
2023-09-23 02:41:53.502230083,7917,0,128.51,42,52,147
2023-07-16 15:04:53.720977805,4144,0,55.62,9,35,333
2023-09-10 03:18:30.548509487,1552,0,449.64,79,7,127
2023-03-26 21:37:55.003057655,9907,1,451.2,40,27,46
2023-09-13 05:20:54.352082311,6383,0,320.22,25,28,45
2023-12-01 14:15:38.339517634,4911,0,176.12,5,22,1
2023-10-18 23:35:53.167499903,4389,1,181.11,11,14,168
2023-04-23 19:04:23.916278229,9442,0,365.72,59,7,108
2023-11-23 18:24:27.948270613,3430,0,449.58,98,37,19
2023-03-17 15:27:40.233603301,1458,0,444.67,88,22,332
2023-04-21 22:28:28.806332978,1207,1,392.14,79,5,72
2023-10-31 12:10:34.091575047,1899,0,324.6,38,55,109
2023-03-01 14:55:25.510989850,1021,0,51.23,72,2,268
2023-05-27 00:43:43.253479008,9601,0,89.2,5,27,240
2023-06-06 06:53:41.137841006,1894,0,450.29,48,21,301
2023-03-12 11:56:58.956576224,1514,0,307.15,90,54,90
2023-11-12 00:32:20.355931651,8294,0,14.51,18,38,103
2023-07-07 13:19:11.699965119,5904,0,59.72,70,15,250
2023-07-20 22:01:35.925034495,8867,0,335.12,37,21,8
2023-10-11 20:06:20.336954539,5109,0,12.48,60,10,153
2023-08-03 16:05:04.753559709,8179,0,88.8,48,23,347
2023-06-21 13:37:42.347555885,2560,1,278.88,77,58,174
2023-06-21 04:57:11.939254789,2266,0,349.03,28,56,343
2023-08-06 08:41:22.720636795,4638,1,329.46,69,39,158
2023-05-05 17:26:53.668642140,9941,1,119.89,77,5,215
2023-04-07 00:40:48.397828397,4427,0,358.97,81,1,177
2023-06-05 17:14:09.394754235,5780,0,126.25,40,13,175
2023-11-05 22:20:07.160546419,2927,0,169.45,45,21,340
2023-11-13 00:24:50.097678588,3356,0,375.78,96,26,338
2023-03-12 21:44:50.631363487,5790,0,328.32,62,50,146
2023-11-23 02:01:46.714596512,1306,0,426.12,93,45,324
2023-04-21 02:47:51.904439618,8979,0,332.23,58,21,161
2023-11-22 09:07:40.360501265,4665,1,288.47,67,53,127
2023-02-04 07:08:08.611258345,8057,0,55.9,56,18,82
2023-05-10 18:56:16.688667189,1661,1,190.18,40,37,147
2023-06-03 03:29:31.736184130,5644,0,139.95,98,45,239
2023-12-30 08:09:59.168699053,9503,1,129.55,40,32,84
2023-11-11 13:42:07.608541809,3920,0,486.78,91,36,113
2023-10-29 11:55:59.993953918,9946,0,202.62,77,17,225
2023-06-10 10:55:05.296226793,7236,0,447.1,33,35,332
2023-03-31 15:50:14.853808089,7078,0,319.26,6,49,243
2023-04-25 01:29:55.084242023,1352,0,399.46,88,11,143
2023-12-30 15:33:52.545250696,8005,1,256.29,19,21,41
2023-10-08 03:52:11.918864629,1158,0,292.68,80,52,258
2023-01-25 19:10:02.644528166,1956,0,251.33,40,55,285
2023-05-14 00:49:01.211449001,3071,1,105.67,92,53,105
2023-06-13 20:16:11.060888089,9595,1,364.0,97,26,202
2023-11-21 10:47:50.957344561,4453,0,147.58,59,4,307
2023-08-30 12:16:23.561984827,7675,0,21.91,59,34,331
2023-12-03 15:34:10.558684038,1955,0,326.28,48,52,266
2023-11-20 17:38:39.513948195,7295,0,96.78,41,48,210
2023-10-31 05:08:23.612166163,2712,1,470.82,13,18,51
2023-11-22 21:34:28.458311431,5703,1,477.43,45,40,118
2023-06-19 17:41:23.500482541,7563,1,458.28,89,35,201
2023-07-05 22:02:59.768552077,6631,1,191.38,53,41,39
2023-10-12 16:47:30.311329650,2394,0,17.57,42,29,28
2023-01-23 07:39:23.125105806,5732,1,464.88,63,52,259
2023-05-05 11:06:57.047879009,4714,1,219.81,27,29,84
2023-02-19 12:28:00.799782687,1529,0,483.66,38,38,155
2023-02-03 02:57:31.264804798,3958,1,482.17,60,42,117
2023-06-17 19:40:26.317107250,8904,0,427.97,7,21,2
2023-06-11 00:57:53.638805177,4591,0,154.28,5,42,93
2023-12-14 19:12:03.292064957,7895,1,198.7,45,13,166
2023-10-23 16:53:08.362139797,1525,0,427.06,58,49,350
2023-07-31 06:20:41.041254969,7477,0,165.29,31,41,296
2023-09-14 22:13:26.400211248,1001,0,93.05,23,17,258
2023-02-20 23:43:32.546810537,1374,0,282.83,42,56,81
2023-03-13 12:14:13.491732238,5648,1,468.72,10,9,268
2023-06-24 03:25:47.054504938,3365,0,351.05,32,41,235
2023-01-23 22:17:05.003465316,2525,0,289.33,53,1,321
2023-06-12 00:34:08.161560839,2646,1,57.62,30,2,311
2023-04-09 16:53:56.689598011,1013,0,311.35,39,48,301
2023-07-28 15:38:26.600427115,5599,0,495.13,31,29,357
2023-10-19 00:34:33.039065861,3278,0,78.64,82,33,213
2023-07-12 06:06:26.852135903,4155,1,263.98,2,10,62
2023-01-23 08:08:58.594737501,9321,0,439.91,78,50,49
2023-12-02 18:15:15.360119650,4814,0,372.98,77,58,127
2023-06-01 20:01:45.753451431,4216,0,351.54,93,40,223
2023-11-13 09:42:57.214864015,9219,0,354.22,12,21,279
2023-09-23 07:42:53.631238513,3113,0,186.15,39,28,294
2023-05-25 04:33:18.092842089,5356,0,153.86,66,11,284
2023-05-28 12:00:14.252172946,6543,0,406.59,96,55,277
2023-02-26 10:24:14.745772151,5555,1,406.96,13,34,107
2023-10-05 18:28:28.449396498,8062,0,434.87,46,8,146
2023-11-11 03:42:18.080941113,4374,1,457.49,27,59,99
2023-03-12 18:02:47.900292441,7430,1,260.56,17,22,73
2023-01-10 02:24:07.142737022,4466,1,255.74,95,8,122
2023-05-22 06:37:45.652578187,4081,0,401.16,98,49,30
2023-06-10 02:10:04.987754112,1629,0,328.48,60,15,188
2023-10-31 00:43:39.624551033,1269,0,353.96,64,17,364
2023-02-09 22:24:29.387849454,6724,0,399.94,88,23,354
2023-02-21 20:37:32.646986847,6897,0,446.1,35,24,288
2023-03-27 02:11:12.017405045,4432,1,175.62,70,45,195
2023-12-31 02:07:10.319537752,7276,1,194.04,83,19,156
2023-01-09 18:42:39.663119596,6895,0,56.05,30,5,172
2023-05-17 00:09:41.723599744,8115,0,293.36,71,32,335
2023-12-01 22:37:17.196186303,7656,1,27.61,74,44,41
2023-12-12 19:24:07.376544324,1575,0,238.14,96,1,63
2023-03-25 19:49:36.421968732,8029,0,275.9,98,23,23
2023-12-15 07:01:30.995867586,7099,1,150.41,63,37,360
2023-12-16 13:21:49.945409689,4192,0,299.51,28,8,75
2023-04-18 14:11:26.162922930,4178,0,24.95,60,13,48
2023-01-08 04:13:24.815084629,7052,0,28.3,79,8,160
2023-06-04 01:37:59.508200732,3734,1,413.07,94,57,313
2023-06-28 23:21:52.883983579,7116,0,186.49,37,23,118
2023-08-19 17:57:17.297011758,4568,0,72.26,93,43,100
2023-12-22 18:17:59.684139101,3203,0,265.9,22,1,167
2023-04-24 18:26:18.870780356,2390,0,387.3,68,45,290
2023-11-21 00:13:57.995244431,2742,0,115.75,20,51,156
2023-02-07 23:37:57.983812057,2925,1,315.22,96,24,7
2023-10-22 22:55:36.081906004,1619,0,51.82,68,35,196
2023-06-24 02:48:02.787354211,2274,1,35.32,91,24,56
2023-10-11 06:59:27.780633853,1956,0,270.36,64,17,321
2023-02-25 01:30:39.280288100,2939,0,274.91,17,5,193
2023-01-15 08:32:23.811823353,4953,0,322.34,12,20,47
2023-05-12 10:59:57.846181621,1968,0,365.78,22,21,148
2023-03-12 00:48:28.353690723,1281,0,488.17,17,40,275
2023-03-23 14:05:11.900122291,7262,0,262.99,10,58,157
2023-12-01 07:02:04.986892169,2058,0,168.25,65,31,202
2023-07-03 14:17:08.198231698,5293,0,399.64,22,46,126
2023-09-10 14:30:03.020625503,6178,0,142.71,90,36,305
2023-08-07 00:08:56.012039159,7980,1,225.1,82,11,294
2023-04-15 17:22:56.180346860,2229,1,48.44,50,52,64
2023-06-26 03:37:35.481637903,5585,0,22.42,14,15,325
2023-02-24 17:01:43.326040399,9467,0,481.7,64,19,176
2023-08-28 06:29:12.630558683,3740,0,419.63,47,7,116
2023-06-15 22:01:12.834237267,3289,0,351.03,29,51,204
2023-09-26 00:56:05.352695691,2239,0,210.39,76,28,321
2023-11-06 19:57:52.761638562,6370,1,94.91,36,51,31
2023-06-01 14:36:50.854577696,1125,0,86.65,99,43,113
2023-09-18 19:46:21.490131900,8473,0,132.62,52,58,325
2023-05-29 08:47:54.585410986,6342,1,279.12,76,5,344
2023-01-13 12:02:32.603596043,8351,0,360.15,7,5,67
2023-10-13 10:57:12.314191424,7638,1,333.5,29,30,75
2023-02-24 00:41:56.852782247,7570,0,147.17,11,54,45
2023-08-13 23:36:20.487767082,4249,0,477.88,33,32,260
2023-04-13 04:34:24.231289116,8595,0,371.57,6,8,154
2023-08-02 21:58:13.168361483,7294,0,281.63,79,10,155
2023-09-07 12:10:30.321417517,7527,1,309.74,32,38,363
2023-05-18 10:23:00.286479612,6757,0,215.6,51,47,234
2023-05-28 22:47:44.710361841,2969,1,131.39,75,32,51
2023-10-19 16:15:53.983003350,1891,0,184.43,58,48,306
2023-07-07 01:27:47.830370393,5470,0,381.34,87,28,262
2023-05-12 13:44:42.439613020,8175,0,17.05,26,17,315
2023-08-29 06:12:20.078287817,9320,0,66.88,98,31,125
2023-01-04 06:41:07.097747570,7812,1,32.54,46,8,245
2023-05-10 02:54:53.782478726,8519,0,29.96,98,40,30
2023-07-28 15:53:53.143579449,5612,0,429.18,29,25,122
2023-11-01 04:07:56.883588721,2198,0,354.79,4,9,125
2023-01-08 19:30:18.262981706,6238,0,242.35,81,2,37
2023-04-21 18:51:58.902992247,7089,0,57.94,99,15,170
2023-05-29 14:34:59.152274136,7257,0,250.89,13,50,124
2023-06-09 09:24:33.192967164,8705,1,242.0,39,3,357
2023-06-17 12:13:59.550198435,4719,0,94.87,15,49,35
2023-12-21 01:15:03.225669476,1302,0,222.59,29,36,87
2023-05-12 06:02:04.852489111,1986,0,205.27,29,4,134
2023-02-11 10:40:32.672369378,5440,0,311.77,75,14,196
2023-02-27 19:25:40.870005858,5909,1,321.2,32,41,274
2023-04-19 12:36:02.695652899,4072,0,32.2,2,41,201
2023-07-17 08:23:45.533899760,4124,0,193.56,47,25,285
2023-08-07 06:31:54.263881823,9125,0,316.67,78,58,77
2023-07-24 22:03:08.494748310,4291,0,256.54,84,55,59
2023-08-17 09:54:08.857341663,5033,0,429.68,22,50,126
2023-07-31 13:20:36.943736587,6105,1,332.76,75,10,109
2023-09-26 22:34:23.186038454,1703,1,89.84,27,21,224
2023-07-05 23:25:17.645809942,9133,1,44.58,67,36,278
2023-05-16 22:08:32.920800098,1574,0,324.79,81,12,68
2023-11-30 08:35:55.388524317,6704,0,22.99,56,27,69
2023-02-14 15:44:17.316261744,8848,0,297.03,92,40,165
2023-10-15 09:40:34.727412307,6208,0,470.71,93,2,305
2023-03-02 23:23:58.623441624,7924,1,291.98,21,54,162
2023-12-27 20:53:37.579397516,4828,0,200.2,47,13,342
2023-07-31 19:01:11.802797074,4230,1,325.21,80,53,309
2023-04-24 02:46:55.491634787,1488,1,234.54,59,32,343
2023-08-17 21:08:37.742909884,8114,0,277.35,84,31,42
2023-08-20 16:08:29.742899090,4173,0,471.32,6,16,354
2023-11-05 01:41:41.132054792,2667,0,199.19,19,32,109
2023-07-23 17:42:16.162019099,5114,0,480.98,57,32,51
2023-06-30 00:42:54.861519582,4553,1,453.62,69,34,250
2023-10-24 10:17:51.879044659,8761,0,105.94,3,11,341
2023-09-08 06:47:29.488317945,2000,0,43.99,1,10,21
2023-07-28 18:32:41.057771663,2388,0,59.38,58,15,300
2023-09-09 21:55:31.281898564,6450,1,18.93,38,17,139
2023-02-21 16:07:20.703029643,4712,0,56.28,15,40,359
2023-04-26 04:41:24.711979955,2367,1,344.67,34,18,324
2023-05-18 09:09:12.921511380,9189,0,44.88,61,55,92
2023-03-31 23:17:06.718199348,1454,1,166.3,35,9,280
2023-05-01 07:00:31.506474127,3772,1,423.99,64,25,125
2023-04-29 15:11:28.399623206,4726,0,21.4,25,40,111
2023-10-18 20:48:25.619226292,8232,0,409.09,24,59,354
2023-03-01 17:04:48.835548345,5806,1,148.11,12,14,139
2023-07-16 00:34:54.844696973,3190,0,67.9,18,58,273
2023-05-30 14:46:52.418839161,3875,1,351.4,15,25,99
2023-01-27 12:39:12.333511842,6592,0,318.18,80,50,252
2023-07-30 09:27:27.698084572,2440,1,439.96,27,22,338
2023-10-06 18:11:50.748675914,9927,1,370.18,72,52,104
2023-03-30 07:05:36.751123464,7059,1,403.71,60,30,214
2023-08-09 00:41:09.573106576,8010,0,148.2,46,20,249
2023-11-20 02:18:07.138983141,8117,0,96.95,89,21,152
2023-01-27 03:20:24.483304621,3989,0,377.8,17,44,250
2023-04-17 04:37:32.575241608,7228,0,405.35,93,32,275
2023-11-27 09:49:44.431827738,7471,0,495.35,53,51,165
2023-09-06 12:59:42.411171009,3863,0,212.18,8,46,341
2023-09-29 06:56:48.265517084,2177,1,192.29,79,49,8
2023-07-02 04:35:13.839584677,5760,0,390.44,27,56,284
2023-03-08 11:55:02.939135623,1011,0,176.99,46,21,5
2023-09-19 07:28:22.457460076,6252,0,466.07,50,35,145
2023-11-17 13:54:36.074329429,5399,0,430.62,71,58,101
2023-03-05 23:01:30.623182480,9234,0,220.21,3,32,164
2023-12-14 04:06:47.460807980,6445,1,377.93,93,30,147
2023-11-01 06:08:08.141760291,7570,1,379.73,64,55,64
2023-09-26 22:12:59.112520955,9212,0,60.53,44,39,91
2023-11-10 17:42:20.833138450,1406,0,452.25,53,49,117
2023-03-26 02:19:20.451662537,5431,1,257.57,24,12,354
2023-01-23 06:53:48.530748946,6243,0,414.96,60,41,267
2023-04-04 10:19:09.172715692,7542,0,166.82,3,47,310
2023-12-06 01:09:51.822959345,7936,0,448.81,20,18,173
2023-12-11 23:23:29.201346195,9906,0,200.71,46,21,47
2023-12-15 02:24:45.447471559,5146,0,15.31,15,13,140
2023-03-14 07:46:25.812546430,1140,0,453.64,25,21,246
2023-06-14 23:53:38.127079334,5882,0,54.73,94,8,149
2023-10-13 13:33:38.609076571,7012,1,166.46,78,46,246
2023-09-21 16:31:34.395281912,1963,0,475.53,71,40,5
2023-04-29 16:10:27.321363864,8151,1,475.8,17,46,184
2023-10-29 09:19:32.373152672,9564,1,290.98,84,7,20
2023-07-20 14:31:52.332285044,4610,0,319.6,9,23,46
2023-03-12 20:44:15.419140153,7894,0,229.74,38,44,12
2023-04-04 00:40:18.882687660,8311,0,153.67,48,32,70
2023-08-30 00:13:56.494645420,1105,0,171.05,60,11,17
2023-02-10 19:33:12.874242862,6539,1,339.53,63,22,147
2023-04-21 14:53:10.910193743,7787,0,378.66,86,22,154
2023-03-18 07:07:58.691003604,3137,1,397.87,2,43,304
2023-06-15 22:55:03.157164795,5445,0,396.91,88,25,108
2023-11-23 20:40:36.986926755,4530,0,54.69,72,22,236
2023-08-28 02:29:58.112032402,2286,0,252.27,11,28,308
2023-04-28 23:15:54.717851064,8052,0,38.2,64,29,352
2023-12-11 11:35:03.736416302,4654,0,279.27,77,13,70
2023-04-16 03:02:43.409030448,8102,0,226.35,81,18,183
2023-04-04 03:04:43.191481486,3359,0,444.98,72,2,250
2023-10-30 08:03:00.622970368,9105,0,181.95,21,29,228
2023-05-10 03:50:44.719775285,9636,1,67.36,18,21,102
2023-03-12 10:38:21.021048066,7441,0,80.07,94,15,75
2023-06-13 20:08:50.042134998,6047,1,383.14,64,52,216
2023-04-22 23:36:37.017770954,9227,1,312.93,82,27,203
2023-12-22 18:19:58.428341577,6203,1,59.55,95,50,192
2023-09-12 15:43:05.698028303,2798,0,51.21,38,31,249
2023-12-06 21:05:13.435963749,6291,1,353.47,32,15,242
2023-05-04 12:57:11.707696535,6495,0,45.65,11,51,179
2023-07-31 18:58:59.671028084,7284,0,412.71,45,23,219
2023-01-08 23:48:44.095784057,8285,0,356.06,89,24,82
2023-05-13 14:53:24.293270179,2300,1,49.86,33,44,92
2023-06-22 11:09:25.499309703,7869,0,51.57,41,13,175
2023-12-13 21:57:28.324579867,4097,1,493.45,8,22,239
2023-11-30 15:45:38.002539364,5616,0,193.39,11,43,260
2023-07-11 07:40:10.706140094,1009,1,191.61,86,37,163
2023-07-20 17:15:17.070148808,6752,1,408.27,51,33,48
2023-07-19 09:12:17.633253364,7295,0,474.15,88,56,329
2023-10-04 11:48:18.452089292,5815,1,493.14,41,3,328
2023-08-31 20:17:02.642813679,2072,0,379.16,17,54,116
2023-04-19 08:50:12.097436556,4225,0,194.37,76,19,337
2023-06-14 14:21:16.994461218,2316,0,50.92,46,23,337
2023-02-27 23:47:41.347459461,6699,0,390.8,32,29,225
2023-05-05 01:56:28.052618098,7807,0,283.62,79,30,352
2023-08-26 00:26:42.268435140,7674,0,217.87,80,39,328
2023-01-29 14:20:04.143941528,4683,0,454.11,54,44,147
2023-02-28 13:28:02.283487241,8227,1,64.49,86,47,63
2023-08-21 06:17:06.706973469,4273,1,251.39,92,25,294
2023-06-27 02:30:41.268301050,8000,1,15.56,20,37,323
2023-03-05 08:48:52.959122436,1145,1,239.64,33,47,325
2023-07-28 10:55:09.035439095,6010,1,37.59,74,8,13
2023-11-09 10:24:10.752258421,4040,0,68.22,40,42,189
2023-01-02 09:03:44.196880529,1482,0,67.59,32,58,287
2023-07-22 09:39:54.937627886,4179,1,328.11,97,16,208
2023-01-06 14:35:42.648547082,2249,0,375.56,2,8,114
2023-03-23 06:49:04.763272473,1630,0,295.85,97,1,22
2023-01-07 17:20:10.115314904,9853,0,481.46,33,44,349
2023-09-06 14:28:48.282057530,3852,0,193.69,77,5,214
2023-03-10 18:12:55.438209712,1987,0,150.0,30,3,171
2023-04-04 12:46:27.398635424,8622,0,435.61,33,1,323
2023-06-11 14:56:59.154440702,8327,0,119.56,77,4,54
2023-12-27 09:28:16.607836982,9841,0,481.98,26,40,298
2023-11-04 16:26:56.582095323,2100,0,15.96,22,35,320
2023-03-27 14:48:30.368246468,7652,0,485.24,66,32,126
2023-12-23 17:20:17.385956996,9632,1,31.15,38,42,277
2023-04-26 22:48:08.154381058,8421,0,446.66,90,34,204
2023-06-08 21:22:58.280094742,6016,0,268.57,46,43,194
2023-10-28 21:18:55.786716724,1769,1,496.55,15,25,169
2023-10-28 06:16:24.972022473,2343,0,46.16,98,10,152
2023-01-09 02:47:33.818175570,5358,0,281.39,44,21,35
2023-09-25 19:25:42.205660244,7780,0,484.96,49,46,184
2023-10-10 23:24:32.148371912,7602,1,266.32,75,39,286
2023-02-24 01:14:55.114536960,3349,0,318.41,61,27,57
2023-07-17 17:03:48.577456812,6699,0,350.92,67,27,222
2023-05-31 17:01:33.759487747,2241,1,232.73,6,2,303
2023-01-28 03:41:13.822794176,2125,0,317.5,9,41,163
2023-07-20 20:28:45.366593569,7764,0,296.31,6,48,19
2023-06-08 04:10:22.017591390,6101,0,451.57,73,13,264
2023-03-01 00:00:40.944330278,8843,0,32.27,95,9,282
2023-12-19 13:32:09.405505785,1072,0,147.67,32,52,113
2023-06-15 18:35:31.998454197,6472,0,475.7,41,36,327
2023-06-28 01:34:32.777728770,6189,1,446.23,76,22,30
2023-05-15 23:44:05.143723313,3472,0,233.27,8,42,135
2023-05-13 03:47:59.005444032,1707,0,313.86,72,26,67
2023-08-29 07:36:49.369604331,2804,0,145.92,50,58,65
2023-03-25 12:01:03.105231837,7704,0,102.18,92,54,292
2023-12-20 01:13:24.166365946,4713,0,237.21,62,12,25
2023-09-01 04:56:49.770437008,6051,1,183.14,84,17,37
2023-09-14 18:53:44.428415742,3475,0,295.99,62,14,1
2023-11-04 05:11:49.580823446,4610,1,48.09,7,14,37
2023-09-20 19:46:42.270217444,5255,1,487.45,75,57,141
2023-09-07 13:41:26.055604109,8397,0,493.24,84,34,232
2023-07-23 20:17:39.884230730,2735,1,352.1,80,53,136
2023-01-16 16:47:46.220230758,9258,0,272.69,4,57,188
2023-12-09 20:30:54.084644543,8979,0,161.67,6,20,128
2023-07-06 08:15:31.501742817,3428,0,408.76,58,11,201
2023-07-28 20:17:26.848939313,8426,0,345.52,22,16,127
2023-01-16 18:50:13.764636497,9533,0,89.68,26,51,257
2023-12-12 16:09:21.282245966,6249,0,456.35,3,31,164
2023-05-08 22:26:51.788628216,6291,0,413.04,41,55,35
2023-03-09 19:28:28.559039968,3817,0,475.4,60,6,194
2023-04-07 01:15:41.583238478,4874,0,365.6,14,56,191
2023-01-13 11:18:21.200110109,5211,1,310.57,75,19,104
2023-07-31 23:58:43.506302057,1661,1,214.94,82,37,23
2023-08-10 02:25:32.765694032,4374,0,467.04,12,58,265
2023-03-06 10:48:17.239560988,1207,0,434.37,87,4,290
2023-05-06 18:37:18.030905481,3665,1,32.16,12,47,260
2023-06-22 03:56:22.896323984,3493,1,22.92,13,4,358
2023-04-03 05:04:00.064509779,7813,1,194.47,25,20,75
2023-02-02 07:43:03.637864516,1632,0,407.17,45,10,355
2023-11-20 20:58:35.327160069,4083,0,493.77,19,24,72
2023-04-02 22:24:56.829482433,4719,0,83.7,55,54,259
2023-05-14 18:49:03.302719613,8123,0,301.12,45,35,188
2023-05-06 14:46:27.278073898,2679,1,196.64,8,26,173
2023-12-18 02:58:37.255768174,1236,1,485.26,93,37,290
2023-08-22 07:10:31.355988815,8446,0,422.64,53,38,45
2023-11-19 20:00:16.419624906,5443,1,420.78,55,21,61
2023-02-03 03:45:33.297989519,7770,0,239.66,32,54,83
2023-02-23 07:43:04.558535555,7099,0,213.26,51,40,123
2023-02-21 02:59:43.581858691,9555,0,143.97,44,39,358
2023-03-06 21:52:26.280478559,3368,1,37.62,82,21,16
2023-10-06 16:55:40.084871834,1285,0,433.71,70,10,66
2023-11-26 05:56:04.150289055,1148,1,408.32,18,38,145
2023-04-05 23:33:38.072596540,5037,1,499.86,83,46,162
2023-07-08 11:24:47.859829810,7549,0,498.35,22,4,234
2023-07-26 07:28:21.171492305,8121,0,282.16,37,57,144
2023-09-24 03:39:38.518344361,5895,1,386.8,96,45,358
2023-09-20 10:44:46.134262293,6280,0,472.94,56,20,188
2023-06-23 08:18:05.893811013,2012,1,426.33,59,17,322
2023-11-16 05:45:50.989720196,3785,1,131.2,3,55,13
2023-09-26 01:46:38.531824685,4725,0,230.77,28,7,184
2023-07-31 01:44:02.145183664,5576,0,73.29,74,4,111
2023-11-09 14:25:35.754938073,6782,1,477.49,35,29,290
2023-07-21 01:22:54.566981530,7257,0,307.03,61,14,295
2023-02-23 07:11:04.331156249,3408,0,122.03,93,3,215
2023-05-05 07:38:16.798509102,1340,0,339.13,54,24,120
2023-07-22 05:52:37.138704597,3817,0,312.88,63,37,55
2023-12-25 21:07:32.303049783,3496,1,185.5,79,16,27
2023-04-24 12:45:43.337562218,6962,1,65.64,97,58,118
2023-07-22 22:36:19.836547119,6299,0,339.07,7,55,221
2023-04-24 09:21:46.312667472,8574,0,264.95,76,52,231
2023-11-14 11:38:47.193262883,2689,0,388.44,49,4,53
2023-11-20 04:44:57.173624839,4267,1,264.88,94,56,295
2023-02-15 10:29:00.112787298,5406,0,427.57,85,24,321
2023-07-17 23:24:49.449383603,9453,0,280.43,31,34,233
2023-03-19 22:01:37.253146926,2442,0,284.86,58,30,158
2023-10-12 06:37:15.875868727,9597,0,439.56,61,18,269
2023-02-01 14:18:23.702286861,5437,1,207.71,24,19,21
2023-08-16 20:48:10.967216155,6435,0,75.67,20,31,53
2023-12-08 00:17:20.090447233,9435,0,24.1,37,19,275
2023-10-22 00:51:20.283986585,5107,0,380.02,4,49,313
2023-11-23 00:15:45.349475002,1560,1,313.95,92,46,281
2023-04-14 07:09:32.677591922,9785,0,355.0,20,19,214
2023-04-08 23:44:28.255032322,6548,0,114.35,60,22,31
2023-05-25 05:45:40.862460822,2826,0,76.82,24,24,337
2023-07-04 08:35:47.773056507,8629,1,17.13,50,45,183
2023-12-30 15:39:22.100641041,9325,0,181.79,49,12,23
2023-02-01 07:56:09.083861797,4138,0,299.06,51,30,32
2023-10-19 21:59:30.086340466,8693,0,202.2,96,58,74
2023-03-02 10:09:01.788632255,9264,1,224.36,36,38,10
2023-12-22 12:09:48.201989750,8842,0,453.04,98,53,54
2023-03-12 16:16:08.104486939,7721,1,180.65,66,31,52
2023-04-26 06:44:02.035033126,8002,0,261.85,79,36,148
2023-04-19 23:53:25.805881429,5225,0,393.99,34,19,160
2023-10-10 23:52:54.374006909,3978,0,204.31,36,48,14
2023-05-13 16:39:53.428070936,8373,1,314.82,6,45,178
2023-10-20 01:28:01.145429385,6907,0,432.56,39,36,53
2023-01-24 05:09:55.463577832,7097,1,475.27,42,30,335
2023-03-26 09:40:27.031667857,6656,1,82.07,58,55,22
2023-07-29 19:53:42.674290915,9984,0,464.03,12,49,30
2023-07-12 22:12:20.406489710,5259,1,251.14,3,55,191
2023-10-05 07:24:50.464788391,9286,1,136.54,18,33,260
2023-01-05 00:57:08.646673131,6901,0,234.98,40,18,205
2023-05-14 21:43:35.161593385,5917,0,490.22,21,52,59
2023-05-03 06:58:50.235128420,9429,1,251.38,15,49,264
2023-10-23 21:57:33.864287551,3530,0,171.09,97,59,12
2023-04-10 10:49:11.276572090,2960,1,320.37,99,28,119
2023-05-15 01:49:03.117592890,8045,1,127.67,26,59,290
2023-02-09 22:50:32.274892741,2048,0,47.17,8,47,338
2023-03-07 08:17:55.959721336,6772,0,73.15,94,11,248
2023-07-11 20:51:14.283292084,3529,0,72.74,87,57,354
2023-02-16 23:10:38.824417556,3964,0,84.43,42,54,127
2023-04-21 00:53:45.211504197,8137,0,78.03,44,45,75
2023-04-23 02:45:13.979841885,1963,0,324.03,14,33,361
2023-08-06 19:20:59.714440637,1536,0,99.12,78,17,204
2023-11-16 22:58:45.311499927,8340,1,179.38,2,6,49
2023-03-02 00:07:12.870909064,8179,1,449.43,37,4,79
2023-02-03 05:26:22.132222850,8967,0,242.24,69,20,241
2023-08-18 06:44:00.946448926,9734,0,337.1,38,48,349
2023-02-21 08:43:19.426855140,1845,0,94.44,41,47,154
2023-06-01 18:05:33.983252485,6777,0,104.22,62,27,274
2023-10-20 18:15:46.643755475,4036,1,30.03,60,15,96
2023-06-03 19:34:02.071322698,6947,1,92.78,14,6,214
2023-02-28 05:36:18.116368206,3494,1,146.51,89,47,294
2023-05-23 03:42:00.300789877,3719,1,96.74,84,14,209
2023-01-20 06:50:43.260167773,2884,0,53.46,2,11,343
2023-07-26 04:24:11.843336165,5349,1,69.11,70,39,88
2023-05-25 00:02:22.098037309,6179,0,235.78,17,9,306
2023-12-17 11:47:23.100311745,7610,1,111.1,89,26,264
2023-01-27 02:30:35.653982922,7430,0,188.49,28,16,325
2023-10-05 14:17:09.004327961,8154,1,256.67,66,5,320
2023-05-26 15:44:38.685759660,7488,1,348.29,35,57,157
2023-11-16 14:05:36.018584985,5737,0,29.26,5,52,156
2023-10-29 19:28:43.329026883,7525,0,401.71,65,10,139
2023-12-10 09:10:00.418566867,4850,1,317.67,40,50,121
2023-02-17 10:44:22.660331659,1689,0,50.06,76,3,65
2023-11-29 02:54:15.067723776,6175,0,438.05,56,13,107
2023-09-23 19:43:04.430662285,9648,0,461.23,36,43,147
2023-11-21 18:41:47.210319397,6078,0,39.93,45,49,137
2023-09-05 16:25:51.603926909,6448,1,145.67,23,30,162
2023-01-15 01:20:57.545522686,2179,0,405.04,47,54,100
2023-05-24 08:03:46.042551116,7406,0,376.65,31,45,338
2023-10-13 23:22:13.360810242,9591,0,100.42,11,6,307
2023-08-11 12:45:49.103891333,7907,0,112.58,10,17,141
2023-05-23 08:38:19.228579831,9800,0,191.53,67,59,83
2023-12-09 01:41:53.565556996,2638,0,247.42,14,45,177
2023-07-06 19:26:17.786820233,6671,0,312.94,80,51,198
2023-12-25 11:16:18.837027713,7928,0,190.77,74,53,112
2023-01-19 20:02:11.688928423,2382,1,236.64,93,19,56
2023-10-01 10:24:21.262566995,2403,0,376.26,10,42,179
2023-06-06 19:09:18.239982910,4292,0,27.97,76,35,186
2023-04-09 16:33:01.894085384,1419,0,133.69,94,46,218
2023-07-06 09:39:57.955284517,5517,0,359.54,1,26,316
2023-12-26 16:22:37.109235106,4302,0,448.65,5,51,217
2023-09-16 18:31:09.329425502,8857,0,260.72,20,5,120
2023-04-26 13:35:30.288775099,8870,1,270.74,8,29,175
2023-02-09 02:31:50.792415153,6693,0,62.51,43,37,23
2023-09-24 22:53:10.135277428,1767,0,229.23,76,20,213
2023-03-27 03:05:48.635311562,3044,1,270.98,1,49,235
2023-06-29 10:34:58.947669921,2549,0,128.81,57,21,13
2023-11-26 23:37:40.259553250,7140,0,141.93,64,10,101
2023-01-20 05:13:32.565899776,4716,0,194.87,84,5,24
2023-07-09 05:20:08.996359487,5481,0,19.83,28,36,364
2023-02-24 07:24:16.272412219,8898,1,167.82,37,6,11
2023-01-07 19:28:32.660378972,7548,1,113.61,47,26,273
2023-08-23 23:03:11.682285322,3293,1,170.47,76,4,281
2023-03-15 18:01:59.782941924,5837,0,68.68,37,39,94
2023-04-08 05:43:47.616397115,8758,0,446.36,49,39,201
2023-11-27 04:45:56.303873314,7793,0,300.86,44,50,21
2023-02-13 09:44:05.984386212,8638,0,342.76,56,35,340
2023-01-26 23:03:41.912820562,8993,0,396.69,28,1,211
2023-08-31 06:25:29.565954125,7007,1,254.24,79,24,140
2023-12-04 13:26:46.956010045,6542,0,52.59,6,57,293
2023-10-28 17:50:22.786372184,7356,0,273.18,61,36,298
2023-02-22 19:46:29.394310185,9433,0,297.55,20,6,101
2023-02-11 05:54:46.630451015,8380,0,375.27,78,41,304
2023-12-16 01:24:30.712697447,3385,0,221.51,2,54,359
2023-05-08 09:08:42.870355808,5268,1,72.51,73,46,28
2023-11-20 14:14:38.044762686,1671,0,149.05,37,44,41
2023-06-13 19:32:06.038373344,1163,1,187.91,20,57,355
2023-08-31 18:27:27.565532142,9656,0,326.5,26,31,303
2023-08-19 07:28:40.774127553,5592,1,289.68,29,20,146
2023-05-05 17:03:15.194999604,5795,1,184.49,1,24,256
2023-02-17 10:07:03.690381415,5798,0,493.39,35,25,227
2023-09-12 07:25:07.693546534,7036,0,306.83,70,36,236
2023-12-22 04:47:15.400433861,3355,1,126.24,59,21,361
2023-03-22 22:01:07.589483074,6887,0,59.87,69,30,13
2023-06-11 04:18:13.429085362,8961,1,84.9,33,24,210
2023-07-16 16:30:09.885264425,6827,0,130.52,51,44,229
2023-05-09 03:30:03.634933235,9737,0,88.73,78,42,100
2023-08-14 13:16:47.993927278,5719,1,101.42,12,30,31
2023-07-19 00:20:34.977887520,1593,1,149.7,20,22,16
2023-02-25 01:50:33.674990045,5839,0,94.95,53,28,137
2023-10-08 15:23:40.719858586,8394,1,449.42,88,7,329
2023-11-14 15:46:54.105643164,4493,0,49.31,43,35,166
2023-10-02 04:37:19.677398456,7164,0,267.01,98,55,310
2023-09-08 21:46:26.606550012,3672,0,211.09,89,28,100
2023-04-05 10:10:59.362954650,5200,0,491.37,50,14,109
2023-03-12 07:26:29.737072835,1016,1,64.9,29,56,343
2023-11-23 17:27:09.670623041,4191,0,204.95,57,10,173
2023-06-07 23:29:38.123551236,1392,0,485.04,39,16,237
2023-03-02 19:42:58.828022901,9616,0,434.1,95,16,162
2023-07-21 17:15:20.029837196,7272,0,410.37,56,54,216
2023-09-26 07:39:43.391888174,1571,0,136.37,43,31,264
2023-06-09 22:47:19.058265964,4631,1,93.73,50,42,263
2023-04-25 08:08:58.475887539,7172,0,337.64,23,25,292
2023-06-21 10:13:29.762469902,8177,1,465.39,44,13,274
2023-03-31 18:00:28.332658311,9433,1,282.81,38,6,3
2023-11-12 23:16:33.474808988,4897,0,290.09,84,44,28
2023-06-07 02:09:30.858211651,9123,1,147.19,23,9,326
2023-11-27 19:28:50.201792172,3279,1,387.05,45,45,149
2023-10-02 16:20:13.077110170,9980,0,101.65,52,36,28
2023-04-22 14:02:04.249557618,8451,0,168.6,80,56,310
2023-05-06 18:26:55.716607907,9906,0,218.46,50,43,65
2023-12-31 20:07:32.256531225,1775,0,258.73,8,20,356
2023-02-22 19:53:07.770641255,7869,1,128.78,85,18,21
2023-10-18 11:33:32.305869957,3247,0,66.27,1,58,252
2023-04-09 09:08:01.400535062,8088,1,309.2,8,43,235
2023-08-17 02:05:45.709773145,1078,0,151.43,29,57,227
2023-01-04 18:45:50.868169066,9080,0,294.81,96,21,13
2023-08-04 03:17:24.984383705,8099,1,85.64,5,4,313
2023-03-04 09:56:46.915534439,4926,0,245.76,86,50,49
2023-01-07 06:11:12.390966481,8340,0,270.97,47,33,118
2023-01-27 22:13:15.905260512,8083,0,35.39,34,27,54
2023-04-24 14:18:36.354487911,7230,0,174.94,65,7,138
2023-08-08 22:38:35.412679338,5940,0,75.86,55,6,53
2023-04-12 23:34:18.990730219,4271,0,41.05,90,15,44
2023-05-26 04:39:17.309062127,4456,0,495.08,43,18,303
2023-10-13 17:40:25.734651012,8788,1,167.95,74,32,53
2023-05-14 07:24:55.500943140,9599,0,406.84,30,56,74
2023-02-14 06:38:28.693311614,8650,0,134.77,82,11,46
2023-02-11 16:40:54.376639472,3711,0,343.94,17,20,13
2023-01-25 20:53:58.170885918,2668,1,382.51,26,24,165
2023-09-24 02:10:08.612226952,1147,0,301.86,8,15,102
2023-03-06 14:17:54.110042162,7420,0,241.07,47,48,280
2023-01-25 18:59:29.357729229,1365,0,211.8,76,7,258
2023-06-15 02:15:35.460523304,5531,0,180.95,91,21,337
2023-12-13 00:14:26.420164352,6330,1,465.47,72,42,356
2023-04-10 12:51:56.806901081,6510,1,417.0,89,26,138
2023-08-04 02:20:14.484347299,9754,0,482.86,46,44,163
2023-12-11 23:32:22.191827926,9964,0,70.91,68,56,111
2023-07-16 10:13:23.919449088,7493,0,368.13,33,14,102
2023-06-11 08:29:35.554187189,6439,1,469.79,1,57,17
2023-09-27 00:01:49.692819826,7511,1,98.8,19,37,268
2023-11-02 16:04:49.657976718,8504,0,42.58,31,58,182
2023-05-01 16:10:06.538837422,2246,1,373.15,80,21,24
2023-01-16 19:52:35.143312692,4839,1,291.49,14,18,29
2023-09-16 22:50:47.600496841,9551,0,422.5,53,5,171
2023-01-26 10:08:16.903346488,3376,0,78.49,48,3,228
2023-06-04 22:55:54.388971161,4009,0,399.68,69,23,188
2023-11-10 09:46:34.902519586,2827,1,108.8,90,26,346
2023-12-26 14:37:47.645950195,7979,1,90.19,62,37,230
2023-03-03 02:39:21.624577625,9569,1,90.49,92,24,321
2023-05-18 06:06:28.956512134,5285,1,409.14,66,49,340
2023-09-24 21:30:57.571062234,7910,0,335.95,64,19,119
2023-09-08 11:09:43.780727130,9561,1,266.3,70,51,156
2023-08-12 08:08:20.308384383,3196,1,185.83,63,25,272
2023-09-28 15:29:37.269641978,4747,0,439.83,73,21,175
2023-02-19 12:54:24.825607349,9843,0,202.3,33,12,104
2023-05-10 07:51:28.182431768,6978,1,410.13,41,57,92
2023-03-10 12:18:42.206717107,6607,0,225.18,89,41,186
2023-07-24 06:13:27.879871988,1769,1,194.7,48,33,283
2023-06-17 06:14:16.323781792,1780,0,236.71,13,50,181
2023-08-16 13:07:07.171082524,7303,0,157.68,73,53,170
2023-04-19 22:28:07.013962730,4983,1,376.33,77,4,187
2023-10-27 22:55:29.962117785,9714,0,256.33,31,42,175
2023-10-21 17:16:35.002457969,1521,0,123.78,75,57,222
2023-11-01 21:11:52.812350512,8569,0,450.79,68,7,233
2023-03-06 09:21:23.918361424,6784,1,198.11,98,22,162
2023-01-29 08:34:30.360313192,5583,0,276.34,4,55,134
2023-02-18 02:05:13.237590163,6946,1,454.17,19,33,224
2023-04-30 21:48:24.764465493,5941,0,315.88,70,17,153
2023-10-19 11:54:16.730154046,7267,1,67.28,98,24,33
2023-06-16 15:23:33.500212583,8128,1,470.52,82,34,55
2023-02-21 15:27:05.630699846,3461,0,317.58,13,28,7
2023-12-16 01:58:24.792692447,1685,0,174.1,23,58,244
2023-05-24 02:18:31.744603101,3160,0,78.24,83,43,313
2023-07-16 16:24:39.628325815,8031,0,399.07,75,41,126
2023-12-02 04:24:00.696102205,6341,0,313.84,1,39,12
2023-01-14 03:13:51.154891421,1038,0,271.4,88,22,16
2023-09-21 14:11:47.289460016,5875,0,448.01,54,49,208
2023-10-25 12:00:23.679215068,2256,0,396.41,71,17,43
2023-10-19 04:20:53.702212751,8697,0,84.32,89,34,135
2023-03-24 20:10:40.967826450,3196,0,162.74,85,6,228
2023-09-26 01:23:07.204829952,8165,1,131.76,15,46,111
2023-01-30 05:56:51.499971954,1301,0,374.53,65,6,307
2023-02-04 23:30:07.543667697,8527,0,26.43,76,34,160
2023-07-23 10:03:45.082530293,7381,0,289.25,71,1,331
2023-10-07 14:38:32.637961328,1646,1,383.6,15,10,264
2023-03-21 12:23:56.116298973,9789,1,439.62,21,21,225
2023-08-12 10:45:37.117275058,9853,1,177.62,19,5,217
2023-07-21 09:57:17.263085187,5330,1,412.42,60,2,45
2023-03-03 09:11:35.772654855,8003,0,64.21,93,22,214
2023-04-08 16:17:02.082363446,4537,1,424.76,89,48,59
2023-06-21 10:26:02.459602562,5558,1,72.47,33,57,132
2023-02-26 00:48:04.010611465,7579,0,204.67,49,2,104
2023-09-17 01:40:25.349496786,9474,1,400.67,96,10,195
2023-10-31 11:28:44.200646817,5082,0,83.46,35,34,157
2023-04-24 09:08:00.812027872,5183,0,122.33,44,16,98
2023-08-29 22:25:18.069976454,9652,0,363.9,90,48,226
2023-06-03 21:33:11.003966471,4754,0,362.82,11,51,205
2023-12-31 02:26:44.429836600,2724,1,324.16,99,39,79
2023-09-28 22:41:00.207748930,2376,0,350.03,72,22,124
2023-05-10 09:27:38.979866582,9706,0,275.93,78,12,218
2023-01-04 18:55:55.988506366,9894,0,133.38,74,24,4
2023-02-08 06:41:56.352196935,2653,1,179.39,66,47,90
2023-05-07 14:22:50.763541240,3066,0,98.98,46,40,104
2023-08-21 06:48:30.878125284,1022,0,455.14,9,38,119
2023-06-22 23:57:28.347442226,3460,1,295.86,3,59,133
2023-03-27 21:41:58.195449435,6926,1,206.42,85,10,312
2023-07-30 05:39:04.359310423,7251,0,236.38,26,35,96
2023-11-30 21:05:20.369526047,8295,1,474.17,72,51,331
2023-02-18 14:50:48.984607533,4300,1,85.14,48,49,143
2023-01-31 06:15:48.296118159,7279,1,297.25,66,32,288
2023-05-30 06:30:13.457016307,9553,0,257.89,70,7,28
2023-01-25 20:22:31.677997237,8353,0,309.61,28,21,278
2023-02-08 05:08:08.780849974,4727,0,18.87,93,20,233
2023-10-01 23:05:14.812313929,7272,0,437.34,26,26,17
2023-11-22 09:54:00.764350112,6995,0,466.74,25,4,59
2023-07-02 13:07:22.676595796,1514,0,286.92,12,46,90
2023-09-01 17:34:34.287713903,1448,0,351.36,5,52,199
2023-08-04 16:54:35.176002844,7019,0,462.02,98,22,362
2023-11-17 19:51:34.318542929,6343,0,356.55,48,15,26
2023-01-20 23:30:41.461675904,9033,1,84.74,37,56,25
2023-08-10 11:16:41.110010564,3520,0,292.38,79,40,301
2023-01-05 08:56:05.291052554,4081,0,307.29,44,21,339
2023-12-10 22:33:25.523463166,2428,1,217.82,15,15,267
2023-06-17 20:20:14.468846274,4967,0,370.86,43,22,181
2023-04-07 07:58:42.780646518,7445,1,467.84,48,52,360
2023-04-14 15:48:42.776323603,3159,1,463.53,87,28,68
2023-08-24 06:54:49.148408612,6132,0,230.91,70,14,351
2023-09-16 00:35:10.246356223,3547,1,65.49,46,27,321
2023-09-28 06:46:18.696512392,3979,0,492.57,43,41,49
2023-05-04 18:10:21.134394420,3649,0,421.06,21,40,175
2023-11-16 14:49:29.913792354,9505,0,71.08,23,58,52
2023-09-11 13:46:57.046138361,4083,0,461.21,80,28,102
2023-11-04 17:23:09.946147408,2037,1,436.25,47,26,216
2023-10-01 09:16:14.506302621,4489,0,264.23,15,49,188
2023-08-24 12:14:37.516851258,8604,0,299.72,25,2,57
2023-01-05 11:29:08.511809238,8544,0,205.51,36,25,47
2023-08-08 07:08:50.612826847,3634,0,36.83,75,56,159
2023-10-23 18:49:04.688074609,4983,0,174.25,51,3,174
2023-07-30 06:53:41.964631248,2778,0,403.4,15,8,242
2023-08-23 16:34:12.459541000,8902,1,12.27,68,44,282
2023-05-13 01:41:42.178303937,6110,0,173.41,21,33,241
2023-05-23 03:12:41.200223512,6189,0,205.1,13,42,5
2023-01-17 01:15:23.185691848,8378,0,273.32,86,52,84
2023-05-27 01:54:09.501086997,2124,0,460.73,19,35,308
2023-07-21 22:40:57.343101421,1697,1,179.71,34,6,361
2023-01-06 19:16:30.755289753,3179,0,180.01,78,39,248
2023-03-05 22:57:24.366452764,6251,0,371.38,68,52,54
2023-06-25 16:52:59.590329124,2929,0,231.59,52,23,161
2023-06-23 11:34:23.870393157,2013,1,120.06,27,25,226
2023-02-20 10:51:29.137641599,1226,0,231.7,29,59,15
2023-05-01 07:50:46.718507049,8321,0,79.02,28,50,224
2023-03-15 13:45:04.061218856,2828,1,96.43,35,43,61
2023-05-12 21:15:47.956762657,8909,0,254.2,8,19,122
2023-11-05 05:17:22.084738724,6588,1,215.27,16,5,277
2023-08-08 20:36:57.853082597,3023,1,458.27,36,51,46
2023-12-12 04:39:35.687713355,5966,0,187.57,30,11,294
2023-10-14 18:26:04.845244020,6891,0,294.49,18,56,62
2023-09-20 15:41:12.058610005,2080,0,319.81,2,12,86
2023-02-05 15:07:24.711725082,6036,0,16.42,49,10,210
2023-12-04 13:56:26.612784414,3563,1,335.13,77,8,78
2023-06-30 00:37:45.861878490,4292,0,97.24,4,24,202
2023-07-13 18:01:54.496665324,4586,0,480.92,90,28,302
2023-07-27 23:46:25.807522612,5431,1,82.84,89,41,223
2023-11-26 11:15:09.397298057,7841,0,213.17,94,36,222
2023-03-16 14:34:39.496039824,7643,0,51.82,75,37,3
2023-06-21 04:23:09.772016596,4959,0,498.47,7,21,6
2023-03-11 14:36:13.001183933,1161,0,256.08,95,8,93
2023-10-14 00:09:05.826311725,1593,1,301.74,74,55,8
2023-01-20 10:08:46.846791809,4390,0,42.87,39,9,235
2023-02-27 03:56:28.874405685,6997,0,377.48,13,47,108
2023-12-31 03:06:22.263955136,7354,0,112.85,31,15,161
2023-06-13 20:20:27.343975092,1663,0,450.05,71,48,209
2023-12-06 09:17:09.236372850,1541,0,110.52,63,46,240
2023-09-16 00:25:05.920471068,6433,0,103.44,56,40,331
2023-05-14 04:05:28.923434762,6093,0,27.91,42,18,333
2023-12-05 06:24:47.959369738,1867,1,241.31,61,42,50
2023-02-13 13:08:48.427383459,9623,0,286.77,42,20,11
2023-03-05 04:14:19.855577274,6469,0,42.2,56,6,351
2023-02-22 16:10:44.457790183,7256,0,390.01,36,12,156
2023-11-04 15:56:51.428536374,2169,1,232.11,84,2,70
2023-11-30 10:44:40.215161495,1830,1,266.95,68,7,169
2023-10-01 21:32:22.099808661,2651,0,225.97,7,16,272
2023-02-02 01:44:23.437483319,2136,1,206.37,54,3,68
2023-01-21 15:07:26.946838265,3810,0,284.22,1,45,355
2023-04-27 10:09:24.426931666,9667,0,86.07,44,3,252
2023-10-11 12:24:54.320545011,2019,0,99.14,45,27,48
2023-05-18 14:47:07.888783184,6237,0,432.27,47,50,184
2023-02-28 04:18:03.502091770,2283,1,473.6,13,43,320
2023-09-01 08:03:46.355484650,1659,0,192.92,22,40,187
2023-02-25 09:45:43.160543432,3010,0,142.66,21,38,90
2023-10-22 20:09:04.559144385,9590,1,325.56,86,33,332
2023-08-30 03:41:35.285864520,2733,0,210.28,92,28,139
2023-07-16 05:12:10.780363047,3125,0,22.44,9,1,357
2023-12-14 05:05:45.744651904,3171,0,86.51,26,55,89
2023-10-16 09:04:24.225972284,9266,0,360.83,9,8,274
2023-07-12 15:57:19.246960231,4471,0,332.87,15,37,19
2023-09-21 09:01:10.716428312,6624,0,23.28,10,32,311
2023-03-07 19:40:37.673746210,9691,0,118.77,88,48,358
2023-06-08 14:54:31.608348145,9329,0,123.23,42,43,154
2023-05-06 11:42:43.912462443,3097,1,339.23,72,37,260
2023-10-13 11:23:03.429916082,6068,0,19.66,24,4,108
2023-05-22 01:50:35.604234341,7397,0,61.01,80,30,285
2023-03-24 14:35:47.030505995,3757,0,401.96,49,6,59
2023-12-08 08:54:38.075684452,4920,0,97.49,26,46,125
2023-10-05 02:49:03.568829232,9186,0,329.85,91,54,354
2023-01-22 07:48:12.823458832,2900,0,126.71,37,19,273
2023-08-06 11:24:30.705610296,3610,0,58.73,68,32,107
2023-05-29 00:24:13.909865968,7900,1,129.15,50,9,299
2023-11-25 14:54:46.704951307,2449,0,363.91,24,12,245
2023-07-09 00:28:32.315674191,9738,1,429.29,19,11,336
2023-05-04 21:12:48.417773028,6017,0,416.81,60,46,247
2023-07-05 19:34:34.525219791,8999,1,204.62,39,55,8
2023-11-25 16:00:37.619045575,7052,0,337.36,74,16,141
2023-12-13 02:50:24.211384785,3096,1,110.44,89,1,362
2023-09-02 04:30:09.848292619,9895,0,153.64,18,45,8
2023-04-19 02:24:24.628850234,7404,0,449.2,19,55,352
2023-10-14 01:42:59.232375272,4331,0,16.37,36,53,94
2023-05-30 10:40:31.778715161,8462,1,51.9,74,21,321
2023-03-19 18:46:52.827151647,6105,0,111.86,97,30,39
2023-04-17 02:54:28.645303311,3978,0,23.0,55,13,81
2023-10-31 05:10:18.739106192,3839,0,98.9,69,34,187
2023-07-09 13:24:32.327989017,4384,0,295.69,47,4,84
2023-11-25 13:53:23.283037269,1685,0,216.5,49,28,88
2023-11-01 09:56:28.926960006,8531,0,447.41,99,38,242
2023-06-08 14:27:49.769187662,5283,1,410.55,98,58,342
2023-02-03 00:23:54.518380038,8736,1,177.49,33,31,93
2023-04-12 04:51:41.406833522,8710,1,137.12,21,59,86
2023-05-02 06:51:37.927114567,2619,0,196.05,81,55,44
2023-03-17 19:40:27.665236794,7868,1,299.24,22,27,137
2023-07-13 16:08:10.490463708,2431,1,141.35,48,5,74
2023-11-29 15:09:46.019187934,5713,0,315.83,37,25,36
2023-06-02 13:19:55.305642355,5998,0,210.61,15,3,101
2023-06-20 16:11:05.359502306,1162,0,280.5,35,33,156
2023-06-08 05:27:33.082236346,2974,1,223.7,92,4,255
2023-06-18 18:27:07.191624294,4291,0,154.29,71,25,171
2023-05-02 00:07:16.728089751,9461,0,474.74,32,20,216
2023-11-15 19:20:38.858115691,1631,0,384.17,11,34,170
2023-11-01 12:18:39.454453548,1905,1,78.66,10,26,252
2023-06-16 19:33:38.829754498,3014,1,435.55,73,5,360
2023-07-28 10:30:57.847637162,8896,1,248.84,78,35,322
2023-01-07 15:56:03.735083993,1204,0,448.33,77,28,55
2023-02-03 14:31:34.118628310,1581,0,401.93,57,29,91
2023-07-12 20:09:21.715748902,6675,0,218.35,25,9,278
2023-06-28 17:56:43.906338679,6347,0,21.01,2,52,101
2023-04-02 13:10:20.243160579,3643,0,141.65,64,38,155
2023-12-21 13:24:51.440245717,9017,0,275.4,35,50,349
2023-03-25 22:25:35.189278092,3297,0,320.4,7,6,364
2023-07-10 07:29:56.764032160,1874,0,136.36,85,19,141
2023-09-16 19:02:14.720127468,6560,1,78.28,18,44,173
2023-05-15 06:04:37.776131179,1689,0,419.12,67,57,10
2023-04-25 18:43:54.034998721,5000,1,492.36,42,11,228
2023-07-25 15:57:21.328751330,1671,0,267.59,39,2,265
2023-07-24 14:07:59.031083553,8927,0,94.12,41,47,248
2023-12-20 07:21:39.168872204,2171,0,143.43,75,44,247
2023-12-07 04:39:07.778241809,6591,0,19.01,24,44,155
2023-12-01 17:02:22.227379807,7342,0,458.01,60,9,34
2023-08-24 09:01:51.459045404,2449,0,67.7,46,21,129
2023-11-30 18:28:23.590791152,3539,0,292.49,19,24,160
2023-11-25 20:37:05.027641661,4959,0,144.29,68,34,89
2023-10-18 08:45:07.332002539,7285,0,281.55,90,22,93
2023-04-28 22:14:27.511288079,6432,1,329.2,42,3,327
2023-05-15 13:25:23.586377451,5260,1,416.57,32,12,241
2023-12-21 18:10:10.048731512,3361,1,111.15,39,28,323
2023-05-29 10:44:02.186558365,7164,0,15.39,36,30,117
2023-11-03 09:43:01.792829779,4670,1,77.07,97,26,94
2023-09-25 18:29:54.240801344,2753,1,451.01,36,48,163
2023-04-16 21:03:06.433613488,9100,0,438.21,3,21,99
2023-08-23 15:56:45.013208492,2938,1,302.73,73,28,113
2023-08-25 05:59:00.724040055,9562,0,304.25,8,56,359
2023-01-28 16:10:16.251492337,6976,1,335.87,97,26,91
2023-10-23 23:13:52.763273361,7588,1,95.93,70,33,346
2023-09-11 04:33:18.113624356,9616,0,458.06,41,21,206
2023-08-19 01:33:45.232810415,7304,0,215.2,68,35,17
2023-03-05 03:43:25.240622004,8345,1,197.74,13,52,274
2023-10-25 16:21:34.586263502,8875,0,264.27,49,34,173
2023-01-09 06:36:32.265859470,7633,0,33.01,60,41,116
2023-11-20 06:38:21.720862584,1597,1,91.48,2,51,349
2023-11-08 01:51:03.337584826,4062,0,371.64,60,47,181
2023-06-08 12:18:10.198144804,3336,0,50.57,5,18,91
2023-09-11 19:21:58.714724324,1572,0,305.54,44,58,82
2023-11-21 14:32:55.761943931,8521,0,130.22,27,11,324
2023-12-01 03:57:06.649776934,7171,0,200.75,32,57,114
2023-02-15 06:35:52.636620094,8097,0,151.46,21,23,257
2023-10-21 01:34:09.129991511,3090,0,184.28,8,48,58
2023-05-10 02:11:32.783297597,7566,0,362.33,72,22,154
2023-01-28 18:49:24.549466337,5624,1,155.59,50,17,116
2023-08-06 09:58:32.676630214,2633,0,287.54,67,5,343
2023-07-19 11:12:44.576207619,2517,0,243.26,44,44,266
2023-09-14 20:03:14.504652359,4648,0,335.2,58,11,315
2023-10-11 00:06:14.537109340,2537,0,469.05,3,30,203
2023-09-16 03:49:20.159323445,4137,0,368.96,86,15,41
2023-03-09 05:40:21.713329394,7985,0,115.32,70,27,105
2023-07-27 01:09:28.801420653,1097,1,25.28,2,35,193
2023-02-12 22:16:06.454729834,4750,0,138.51,87,33,278
2023-06-09 10:34:09.690075960,9535,0,301.59,44,20,354
2023-07-10 07:32:11.785357817,9174,0,35.2,2,16,237
2023-03-03 09:39:15.742480247,9103,0,253.22,81,34,221
2023-04-21 03:24:58.052517380,6413,0,302.45,35,2,68
2023-09-14 15:24:30.882103349,5666,0,173.78,98,35,197
2023-03-17 06:55:09.287523030,1610,0,387.75,87,40,256
2023-07-27 19:43:03.021737480,2727,1,62.23,30,56,139
2023-01-04 19:44:36.960400403,2854,0,46.82,8,28,312
2023-06-13 19:12:16.107140848,6055,0,366.81,22,47,149
2023-01-15 07:58:28.908607354,3324,0,252.79,44,39,99
2023-04-01 22:44:32.410927953,6774,0,347.32,58,6,76
2023-06-01 04:27:44.410213520,7519,0,223.07,36,9,282
2023-11-28 09:23:30.059714562,2749,0,130.74,69,20,109
2023-10-22 15:16:18.096275170,1781,0,411.36,77,1,188
2023-09-05 22:56:38.868779900,8548,0,401.71,93,8,199
2023-09-02 01:07:27.567163971,7823,0,350.4,31,55,303
2023-01-02 17:24:03.354355044,3105,0,143.35,47,23,327
2023-12-17 19:19:16.107756810,4867,0,299.21,55,3,154
2023-04-19 09:41:28.402056119,8193,0,186.88,80,4,40
2023-05-10 22:54:15.876369948,5976,0,54.88,62,58,133
2023-01-17 06:29:20.166446274,3113,1,459.48,30,25,132
2023-05-03 10:00:58.842749665,6879,0,77.04,55,47,279
2023-06-20 16:41:11.738044585,4970,1,475.62,16,38,362
2023-07-16 22:04:38.701209038,8264,0,228.54,12,15,84
